developer,source,,,,
Aetna,https://developerportal.aetna.com/fhirapis,,,,
Centene,https://partners.centene.com/apiDetail/2718669d-6e2e-42b5-8c90-0a82f13a30ba,,,,
Cigna,https://developer.cigna.com/docs/service-apis/patient-access/implementation-guide#Implementation-Guide-Base-URL,,,,
Elevance Health (Anthem),https://patient360.anthem.com/P360Member/fhir,,,,
Guidewell ,https://developer.bcbsfl.com/interop/interop-developer-portal/product/469/api/466#/PatientAccessAPI_105/overview,,,,
HCSC,https://interoperability.hcsc.com/s/patient-access-api,,,,
HCSC,https://interoperability.hcsc.com/s/patient-access-api,,,,
HCSC,https://interoperability.hcsc.com/s/patient-access-api,,,,
HCSC,https://interoperability.hcsc.com/s/patient-access-api,,,,
HCSC,https://interoperability.hcsc.com/s/patient-access-api,,,,
Humana,https://developers.humana.com/patient-api/doc,,,,
Kaiser Permanente,https://developer.kp.org/#/apis/639c015049655aa96ab5b2f1,,,,
Molina Healthcare,https://developer.interop.molinahealthcare.com/api-details#api=patient-access&operation=5f72ab665269f310ef58b361,,,,
UnitedHealth Group,https://www.uhc.com/legal/interoperability-apis,,,,
